id;first_name;last_name;full name;email;job
1;Lorain;Andrzej;Lorain Andrzej;lorain@wtb.gov.au;Software Dev
2;Hynda;Hudel;Hynda Hudel;hhudel1@nyu.edu;Software Developer
3;Omar;Joselson;Omar Joselson;ojoselson2@theglobeandmail.com;Accounting
4;Kristyn;Jebb;Kristyn Jebb;kjebb3@xinhuanet.com;Akkounting
5;Minna;Ringwood;Minna Ringwood;mringwood4@wordpress.com;accounting
6;Gavan;Peagrim;Gavan Peagrim;gpeagrim5@yahoo.co.jp;account ing
7;Legra;Lincoln;Legra Lincoln;llincoln6@acquirethisname.com;Softwear Dev
8;Tony;Rubes;Tony Rubes;trubes7@goodreads.com;Acounting
9;Gratiana;Sherlock;Gratiana Sherlock;gsherlock8@cpanel.net;Ackounting
10;Lester;Petrussi;Lester Petrussi;lpetrussi9@auda.org.au;aCoUnTiNg
