fname;lname;full;email;person_id
Lorain;Andrzej;Lorain Andrzej;lorain.andrzey@wtb.gov;2f2bc9ecb7e541429600b82c4b4de64e
Hynda;Hudel;Hynda Hudel;hhudel1@nyu.edu;eaed5345122c43efba626d539061db31
Omar;Joselson;Omar Joselson;ojoselson2@theglobeandmail.com;09b3fbe9bd1c4a70a9aeb804afaea3c9
Kristyn;Jebb;Kristyn Jebb;kjebb3@xinhuanet.com;b12b1899fe4140f49d79735129786f78
Minna;Ringwood;Minna Ringwood;mringwood4@wordpress.com;190f35e157c4408ea1b0be517d4848ce
Gavan;Peagrim;Gavan Peagrim;gpeagrim5@yahoo.co.jp;4e963db57140491a98d34acdeb467896
Legra;Lincoln;Legra Lincoln;llincoln6@acquirethisname.com;e01cba4402444643ace7d1774a30684b
Tony;Rubes;Tony Rubes;trubes7@goodreads.com;1fb5e8c67cf24d77a9accdc23930c3ea
Gratiana;Sherlock;Gratiana Sherlock;gsherlock8@cpanel.net;76c096b08869448da75aa9696694f8b6
Lester;Petrussi;Lester Petrussi;lpetrussi9@auda.org.au;d50ab958ac354ab7a259e3e10579d874
