id;first;last;email;full_name;gender;ip_address;pid
1;Lorain;Andrzej;landrzej0@yahoo.com;Lorain Andrzej;Genderfluid;169.150.29.1;2f2bc9ecb7e541429600b82c4b4de64e
2;Hynda;Hudel;hhudel1@nyu.edu;Hynda Hudel;Genderqueer;116.129.173.53;eaed5345122c43efba626d539061db31
3;Omar;Joselson;ojoselson2@theglobeandmail.com;Omar Joselson;3;252.34.251.74;09b3fbe9bd1c4a70a9aeb804afaea3c9
4;Kristyn;Jebb;kjebb3@xinhuanet.com;Kristyn Jebb;Nonbinary;220.173.207.229;b12b1899fe4140f49d79735129786f78
5;Minna;Ringwood;mringwood4@wordpress.com;Minna Ringwood;Polygender;38.38.68.107;190f35e157c4408ea1b0be517d4848ce
6;Gavan;Peagrim;gpeagrim5@yahoo.co.jp;Gavan Peagrim;Male;200.199.9.229;4e963db57140491a98d34acdeb467896
7;Legra;Lincoln;llincoln6@acquirethisname.com;Legra Lincoln;Agender;38.18.4.5;e01cba4402444643ace7d1774a30684b
8;Tony;Rubes;trubes7@goodreads.com;Tony Rubes;Polygender;101.101.249.142;1fb5e8c67cf24d77a9accdc23930c3ea
9;Gratiana;Sherlock;gsherlock8@cpanel.net;Gratiana Sherlock;Male;194.195.126.221;76c096b08869448da75aa9696694f8b6
10;Lester;Petrussi;lpetrussi9@auda.org.au;Lester Petrussi;Polygender;89.106.168.144;d50ab958ac354ab7a259e3e10579d874
